Year,Month,Carrier,Arr Flights,Arr Del15,Carrier Ct,Weather Ct,Nas Ct,Security Ct,Late Aircraft Ct,Arr Cancelled,Arr Diverted,Carrier Delay,Weather Delay,Nas Delay,Security Delay,Late Aircraft Delay,Total Delay,Cancellation Rate,Actual Delay,Predicted Delay,Airport Name,IATA Code
2025,1,1,100.0,27.0,8.47,1.56,8.6,0.0,8.36,7.0,0.0,860.0,148.0,422.0,0.0,867.0,2297.0,0.07,2297.0,2158.865,"Fayetteville, AR: Northwest Arkansas National",XNA
2025,1,15,190.0,57.0,5.82,3.01,24.7,0.0,23.48,6.0,0.0,226.0,192.0,1340.0,0.0,1381.0,3139.0,0.031578947368421,3139.0,4322.12,"Las Vegas, NV: Harry Reid International",LAS
2025,1,13,129.0,30.0,18.16,5.0,4.28,0.0,2.55,15.0,2.0,1162.0,724.0,224.0,0.0,56.0,2166.0,0.1162790697674418,2166.0,2413.755,"Kansas City, MO: Kansas City International",MCI
2025,1,13,68.0,17.0,11.63,1.98,1.53,0.0,1.86,4.0,3.0,873.0,241.0,87.0,0.0,124.0,1325.0,0.0588235294117647,1325.0,1446.985,"Brownsville, TX: Brownsville South Padre Island International",BRO
2025,1,6,29.0,12.0,2.87,0.0,3.08,0.0,6.04,0.0,0.0,299.0,0.0,199.0,0.0,878.0,1376.0,0.0,1376.0,1091.175,"Jacksonville, FL: Jacksonville International",JAX
2025,1,16,210.0,37.0,17.52,0.0,7.1,0.0,12.38,4.0,0.0,627.0,0.0,277.0,0.0,858.0,1762.0,0.019047619047619,1762.0,2012.735,"Detroit, MI: Detroit Metro Wayne County",DTW
2025,1,4,59.0,18.0,5.79,0.53,8.31,0.0,3.36,4.0,0.0,465.0,156.0,451.0,0.0,442.0,1514.0,0.0677966101694915,1514.0,1391.445,"Greer, SC: Greenville-Spartanburg International",GSP
2025,1,12,107.0,36.0,11.8,0.5,7.47,0.61,15.62,12.0,0.0,715.0,32.0,305.0,42.0,1401.0,2495.0,0.1121495327102803,2495.0,2321.93,"Tulsa, OK: Tulsa International",TUL
2025,1,5,222.0,40.0,18.61,3.32,10.49,0.0,7.58,24.0,0.0,578.0,445.0,348.0,0.0,292.0,1663.0,0.1081081081081081,1663.0,2456.5,"Savannah, GA: Savannah/Hilton Head International",SAV
2025,1,13,2135.0,338.0,161.32,66.83,48.11,1.0,60.74,23.0,13.0,10386.0,7214.0,2841.0,42.0,3701.0,24184.0,0.0107728337236533,24184.0,29396.795,"Seattle, WA: Seattle/Tacoma International",SEA
2025,1,6,84.0,21.0,7.27,0.65,5.04,0.0,8.03,0.0,0.0,424.0,36.0,169.0,0.0,429.0,1058.0,0.0,1058.0,1095.8,"Minneapolis, MN: Minneapolis-St Paul International",MSP
2025,1,2,333.0,53.0,14.78,5.53,15.27,0.0,17.42,11.0,1.0,1262.0,557.0,460.0,0.0,878.0,3157.0,0.033033033033033,3157.0,3400.48,"Juneau, AK: Juneau International",JNU
2025,1,17,505.0,18.0,5.55,0.0,4.24,0.0,8.21,10.0,0.0,474.0,0.0,512.0,0.0,373.0,1359.0,0.0198019801980198,1359.0,1791.055,"Kahului, HI: Kahului Airport",OGG
2025,1,14,61.0,13.0,3.39,2.07,3.8,0.0,3.74,1.0,0.0,219.0,142.0,126.0,0.0,122.0,609.0,0.0163934426229508,609.0,853.39,"Grand Rapids, MI: Gerald R. Ford International",GRR
2025,1,13,262.0,88.0,50.06,8.32,11.91,0.0,17.7,7.0,0.0,3910.0,578.0,1198.0,0.0,1479.0,7165.0,0.0267175572519083,7165.0,6708.485,"Fort Wayne, IN: Fort Wayne International",FWA
2025,1,5,121.0,18.0,9.02,0.0,6.3,0.0,2.68,4.0,1.0,746.0,0.0,250.0,0.0,179.0,1175.0,0.0330578512396694,1175.0,1257.64,"Kahului, HI: Kahului Airport",OGG
2025,1,1,520.0,102.0,35.29,3.77,32.38,0.0,30.57,45.0,1.0,1900.0,256.0,1818.0,0.0,2818.0,6792.0,0.0865384615384615,6792.0,6690.36,"New Orleans, LA: Louis Armstrong New Orleans International",MSY
2025,1,8,47.0,9.0,3.1,0.0,2.5,0.0,3.4,1.0,0.0,323.0,0.0,86.0,0.0,501.0,910.0,0.0212765957446808,910.0,755.11,"Burlington, VT: Burlington International",BTV
2025,1,8,6.0,1.0,1.0,0.0,0.0,0.0,0.0,0.0,0.0,15.0,0.0,0.0,0.0,0.0,15.0,0.0,15.0,770.985,"New York, NY: LaGuardia",LGA
2025,1,19,3.0,0.0,0.0,0.0,0.0,0.0,0.0,0.0,0.0,0.0,0.0,0.0,0.0,0.0,0.0,0.0,0.0,201.085,"Tampa, FL: Tampa International",TPA
2025,1,1,573.0,129.0,48.58,7.46,34.24,0.33,38.39,48.0,0.0,2798.0,555.0,1642.0,9.0,2778.0,7782.0,0.0837696335078534,7782.0,9007.39,"Houston, TX: George Bush Intercontinental/Houston",IAH
2025,1,18,159.0,19.0,7.25,0.83,3.44,0.0,7.48,7.0,0.0,412.0,100.0,174.0,0.0,971.0,1657.0,0.0440251572327044,1657.0,1446.995,"El Paso, TX: El Paso International",ELP
2025,1,5,31.0,8.0,1.0,0.69,3.86,0.0,2.45,1.0,0.0,16.0,16.0,111.0,0.0,274.0,417.0,0.032258064516129,417.0,500.435,"Cedar Rapids/Iowa City, IA: The Eastern Iowa",
2025,1,12,100.0,36.0,8.85,2.1,6.18,0.0,18.87,10.0,0.0,885.0,64.0,263.0,0.0,2615.0,3827.0,0.1,3827.0,3018.345,"Albany, NY: Albany International",ALB
2025,1,11,78.0,13.0,4.27,0.22,4.73,0.55,3.24,2.0,0.0,106.0,16.0,213.0,16.0,95.0,446.0,0.0256410256410256,446.0,732.945,"Minneapolis, MN: Minneapolis-St Paul International",MSP
2025,1,12,108.0,24.0,8.61,2.26,5.77,0.74,6.62,14.0,0.0,969.0,231.0,129.0,19.0,573.0,1921.0,0.1296296296296296,1921.0,1967.58,"Charleston/Dunbar, WV: West Virginia International Yeager",
2025,1,13,248.0,60.0,26.52,5.31,9.09,0.0,19.08,0.0,0.0,3064.0,411.0,505.0,0.0,1432.0,5412.0,0.0,5412.0,4489.135,"Grand Junction, CO: Grand Junction Regional",
2025,1,3,270.0,60.0,25.26,1.03,11.59,0.0,22.12,3.0,0.0,1251.0,61.0,473.0,0.0,1166.0,2951.0,0.0111111111111111,2951.0,3246.905,"Buffalo, NY: Buffalo Niagara International",
2025,1,5,980.0,269.0,89.25,7.06,123.66,0.0,49.03,15.0,1.0,6394.0,1324.0,6723.0,0.0,3364.0,17805.0,0.0153061224489795,17805.0,17025.95,"Miami, FL: Miami International",MIA
2025,1,7,64.0,13.0,2.82,2.84,2.07,0.0,5.27,2.0,0.0,100.0,376.0,95.0,0.0,331.0,902.0,0.03125,902.0,1037.795,"Akron, OH: Akron-Canton Regional",
2025,1,19,135.0,27.0,11.73,0.58,6.61,0.0,8.07,5.0,0.0,801.0,58.0,267.0,0.0,442.0,1568.0,0.037037037037037,1568.0,1498.855,"Rochester, NY: Frederick Douglass Grtr Rochester International",
2025,1,13,84.0,22.0,14.62,3.73,3.66,0.0,0.0,11.0,0.0,1065.0,464.0,450.0,0.0,0.0,1979.0,0.1309523809523809,1979.0,1883.105,"Evansville, IN: Evansville Regional",
2025,1,17,310.0,65.0,21.19,2.32,21.71,0.0,19.78,1.0,5.0,706.0,348.0,695.0,0.0,666.0,2415.0,0.0032258064516129,2415.0,3666.235,"San Juan, PR: Luis Munoz Marin International",
2025,1,13,29.0,7.0,4.15,1.0,1.22,0.0,0.63,3.0,0.0,210.0,57.0,62.0,0.0,67.0,396.0,0.1034482758620689,396.0,445.63,"Memphis, TN: Memphis International",
2025,1,7,5.0,2.0,1.0,0.0,0.56,0.0,0.44,0.0,0.0,22.0,0.0,14.0,0.0,11.0,47.0,0.0,47.0,164.16,"Rochester, NY: Frederick Douglass Grtr Rochester International",
2025,1,15,79.0,12.0,4.62,1.0,4.11,0.0,2.27,1.0,0.0,190.0,20.0,100.0,0.0,102.0,412.0,0.0126582278481012,412.0,583.505,"Missoula, MT: Missoula Montana",
2025,1,0,26.0,6.0,2.84,0.0,0.45,0.0,2.71,0.0,0.0,104.0,0.0,9.0,0.0,193.0,306.0,0.0,306.0,345.475,"Duluth, MN: Duluth International",
2025,1,13,54.0,14.0,8.61,0.0,1.93,0.0,3.46,4.0,0.0,596.0,0.0,133.0,0.0,186.0,915.0,0.074074074074074,915.0,918.925,"Hays, KS: Hays Regional",
2025,1,10,93.0,18.0,8.16,0.17,4.47,0.0,5.21,5.0,0.0,429.0,14.0,167.0,0.0,226.0,836.0,0.053763440860215,836.0,973.36,"Monroe, LA: Monroe Regional",
2025,1,5,187.0,18.0,5.76,5.05,3.95,0.0,3.24,3.0,0.0,462.0,769.0,213.0,0.0,116.0,1560.0,0.0160427807486631,1560.0,1630.375,"Grand Rapids, MI: Gerald R. Ford International",GRR
2025,1,1,12.0,6.0,0.8,0.29,0.17,0.0,4.74,0.0,0.0,76.0,16.0,15.0,0.0,522.0,629.0,0.0,629.0,607.525,"Columbia, SC: Columbia Metropolitan",
2025,1,16,118.0,21.0,8.67,0.0,4.91,0.0,7.42,1.0,0.0,477.0,0.0,284.0,0.0,670.0,1431.0,0.0084745762711864,1431.0,1359.76,"Montrose/Delta, CO: Montrose Regional",
2025,1,12,68.0,22.0,4.06,0.91,6.86,0.0,10.16,6.0,0.0,203.0,142.0,298.0,0.0,714.0,1357.0,0.088235294117647,1357.0,1433.23,"Milwaukee, WI: General Mitchell International",
2025,1,19,164.0,19.0,9.24,0.0,5.35,0.0,4.41,3.0,1.0,324.0,0.0,241.0,0.0,136.0,701.0,0.0182926829268292,701.0,916.46,"Milwaukee, WI: General Mitchell International",
2025,1,13,54.0,8.0,7.98,0.0,0.02,0.0,0.0,0.0,0.0,494.0,0.0,1.0,0.0,0.0,495.0,0.0,495.0,648.655,"International Falls, MN: Falls International Einarson Field",
2025,1,0,33.0,6.0,2.18,1.05,0.79,0.0,1.99,1.0,0.0,91.0,25.0,84.0,0.0,244.0,444.0,0.0303030303030303,444.0,468.81,"Jackson/Vicksburg, MS: Jackson Medgar Wiley Evers International",
2025,1,5,470.0,94.0,49.83,7.39,17.33,0.0,19.46,11.0,0.0,4216.0,1095.0,949.0,0.0,1182.0,7442.0,0.0234042553191489,7442.0,6607.45,"Charlotte, NC: Charlotte Douglas International",CLT
2025,1,13,94.0,18.0,9.91,4.91,3.18,0.0,0.0,8.0,0.0,1255.0,822.0,220.0,0.0,0.0,2297.0,0.0851063829787234,2297.0,1922.165,"Montgomery, AL: Montgomery Regional",
2025,1,17,140.0,16.0,5.55,0.0,2.2,0.0,8.25,3.0,0.0,248.0,0.0,134.0,0.0,339.0,721.0,0.0214285714285714,721.0,869.9,"Amarillo, TX: Rick Husband Amarillo International",
2025,1,5,93.0,17.0,9.97,0.22,2.91,0.0,3.91,2.0,2.0,1328.0,15.0,134.0,0.0,235.0,1712.0,0.021505376344086,1712.0,1438.36,"Santa Barbara, CA: Santa Barbara Municipal",
2025,1,10,38.0,7.0,1.11,1.08,2.72,0.0,2.09,0.0,0.0,28.0,97.0,94.0,0.0,73.0,292.0,0.0,292.0,360.255,"La Crosse, WI: La Crosse Regional",
2025,1,1,248.0,64.0,31.2,2.5,3.2,0.0,27.1,14.0,0.0,1983.0,103.0,131.0,0.0,2694.0,4911.0,0.0564516129032258,4911.0,4575.06,"El Paso, TX: El Paso International",ELP
2025,1,14,47.0,10.0,4.23,0.0,4.74,0.0,1.03,2.0,0.0,134.0,0.0,137.0,0.0,29.0,300.0,0.0425531914893617,300.0,471.525,"Cincinnati, OH: Cincinnati/Northern Kentucky International",
2025,1,15,20.0,6.0,3.78,0.0,0.57,0.0,1.65,0.0,0.0,221.0,0.0,24.0,0.0,90.0,335.0,0.0,335.0,327.2,"Albuquerque, NM: Albuquerque International Sunport",
2025,1,13,58.0,14.0,9.97,2.69,1.34,0.0,0.0,2.0,0.0,664.0,72.0,83.0,0.0,0.0,819.0,0.0344827586206896,819.0,974.48,"Indianapolis, IN: Indianapolis International",
2025,1,17,2293.0,342.0,101.79,7.01,108.59,2.44,122.18,130.0,0.0,5713.0,1063.0,5341.0,120.0,5535.0,17772.0,0.056694286960314,17772.0,22761.245,"Atlanta, GA: Hartsfield-Jackson Atlanta International",ATL
2025,1,4,12.0,5.0,2.31,0.0,1.83,0.0,0.86,0.0,0.0,320.0,0.0,99.0,0.0,145.0,564.0,0.0,564.0,421.97,"Portland, ME: Portland International Jetport",
2025,1,2,40.0,12.0,5.29,0.0,1.47,0.0,5.24,0.0,0.0,176.0,0.0,48.0,0.0,177.0,401.0,0.0,401.0,492.99,"Oakland, CA: Metro Oakland International",
2025,1,8,1.0,1.0,0.02,0.0,0.22,0.0,0.77,0.0,0.0,1.0,0.0,13.0,0.0,46.0,60.0,0.0,60.0,68.9,"Madison, WI: Dane County Regional-Truax Field",
2025,1,20,59.0,20.0,5.63,1.66,4.47,0.0,8.24,0.0,0.0,332.0,1138.0,297.0,0.0,1140.0,2907.0,0.0,2907.0,2044.685,"Moline, IL: Quad Cities International",
2025,1,14,104.0,28.0,4.08,0.55,8.94,0.0,14.43,3.0,0.0,186.0,70.0,454.0,0.0,1198.0,1908.0,0.0288461538461538,1908.0,1896.41,"Syracuse, NY: Syracuse Hancock International",
2025,1,10,31.0,10.0,4.24,0.0,3.74,0.0,2.03,0.0,0.0,123.0,0.0,101.0,0.0,77.0,301.0,0.0,301.0,381.92,"Milwaukee, WI: General Mitchell International",
2025,1,13,54.0,8.0,2.0,1.79,0.41,0.0,3.81,7.0,0.0,899.0,825.0,27.0,0.0,285.0,2036.0,0.1296296296296296,2036.0,1452.84,"Victoria, TX: Victoria Regional",
2025,1,13,6.0,2.0,1.0,0.0,0.31,0.0,0.69,0.0,0.0,43.0,0.0,38.0,0.0,86.0,167.0,0.0,167.0,159.59,"Hartford, CT: Bradley International",
2025,1,5,317.0,37.0,17.24,5.54,4.74,0.0,9.48,11.0,0.0,713.0,832.0,442.0,0.0,574.0,2561.0,0.0347003154574132,2561.0,2881.645,"Memphis, TN: Memphis International",
2025,1,13,54.0,16.0,9.96,0.0,2.37,0.0,3.67,1.0,0.0,319.0,0.0,166.0,0.0,562.0,1047.0,0.0185185185185185,1047.0,1078.945,"Eau Claire, WI: Chippewa Valley Regional",
2025,1,19,659.0,90.0,18.12,3.56,43.6,0.0,24.71,19.0,1.0,1147.0,245.0,1620.0,0.0,1205.0,4217.0,0.0288315629742033,4217.0,5393.61,"Philadelphia, PA: Philadelphia International",PHL
2025,1,0,210.0,50.0,11.96,1.23,18.64,0.0,18.18,5.0,0.0,674.0,178.0,711.0,0.0,1227.0,2790.0,0.0238095238095238,2790.0,2965.68,"Buffalo, NY: Buffalo Niagara International",
2025,1,2,75.0,14.0,2.41,0.0,6.63,0.39,4.57,0.0,0.0,54.0,0.0,152.0,43.0,204.0,453.0,0.0,453.0,999.91,"Washington, DC: Washington Dulles International",IAD
2025,1,5,359.0,62.0,30.57,2.7,18.31,0.0,10.42,6.0,4.0,6345.0,1034.0,627.0,0.0,1042.0,9048.0,0.0167130919220055,9048.0,6390.86,"Honolulu, HI: Daniel K Inouye International",
2025,1,18,52.0,8.0,2.33,0.05,2.22,0.0,3.4,3.0,0.0,63.0,31.0,92.0,0.0,811.0,997.0,0.0576923076923076,997.0,839.53,"Corpus Christi, TX: Corpus Christi International",
2025,1,16,100.0,22.0,11.29,1.0,6.82,0.0,2.88,7.0,0.0,665.0,27.0,325.0,0.0,193.0,1210.0,0.07,1210.0,1257.535,"Charleston, SC: Charleston AFB/International",
2025,1,18,54.0,4.0,1.01,1.0,1.0,0.0,0.99,5.0,0.0,21.0,64.0,34.0,0.0,67.0,186.0,0.0925925925925925,186.0,372.295,"Pittsburgh, PA: Pittsburgh International",
2025,1,13,54.0,15.0,8.74,0.0,1.27,0.0,4.99,2.0,1.0,325.0,0.0,57.0,0.0,256.0,638.0,0.037037037037037,638.0,804.12,"Liberal, KS: Liberal Mid-America Regional",
2025,1,8,30.0,7.0,2.19,0.0,1.69,0.0,3.12,1.0,0.0,175.0,0.0,50.0,0.0,322.0,547.0,0.0333333333333333,547.0,490.875,"Sioux Falls, SD: Joe Foss Field",
2025,1,7,128.0,52.0,12.02,0.54,6.28,0.0,33.16,0.0,0.0,2713.0,20.0,282.0,0.0,3233.0,6248.0,0.0,6248.0,4394.635,"Provo, UT: Provo Municipal",
2025,1,16,250.0,46.0,17.57,1.93,10.99,0.0,15.5,14.0,0.0,978.0,153.0,452.0,0.0,1257.0,2840.0,0.056,2840.0,2865.495,"Kansas City, MO: Kansas City International",MCI
2025,1,10,33.0,3.0,0.0,0.0,3.0,0.0,0.0,0.0,0.0,0.0,0.0,78.0,0.0,0.0,78.0,0.0,78.0,153.245,"Pittsburgh, PA: Pittsburgh International",
2025,1,4,7.0,2.0,0.77,0.0,1.23,0.0,0.0,1.0,0.0,30.0,0.0,26.0,0.0,0.0,56.0,0.1428571428571428,56.0,229.035,"Oklahoma City, OK: Will Rogers World",
2025,1,3,54.0,13.0,4.89,0.0,3.89,0.0,4.22,1.0,0.0,355.0,0.0,165.0,0.0,396.0,916.0,0.0185185185185185,916.0,1558.325,"Chicago, IL: Chicago O'Hare International",ORD
2025,1,7,66.0,8.0,0.39,1.56,3.61,0.0,2.45,2.0,0.0,62.0,1108.0,158.0,0.0,284.0,1612.0,0.0303030303030303,1612.0,1301.595,"Jacksonville, FL: Jacksonville International",JAX
2025,1,12,117.0,27.0,9.67,1.09,9.93,0.0,6.3,17.0,1.0,686.0,99.0,376.0,0.0,756.0,1917.0,0.1452991452991453,1917.0,1928.505,"Valparaiso, FL: Eglin AFB Destin Fort Walton Beach",
2025,1,13,93.0,18.0,10.73,1.12,3.48,0.0,2.67,0.0,0.0,456.0,47.0,131.0,0.0,437.0,1071.0,0.0,1071.0,1119.865,"Gunnison, CO: Gunnison-Crested Butte Regional",
2025,1,0,1.0,0.0,0.0,0.0,0.0,0.0,0.0,0.0,0.0,0.0,0.0,0.0,0.0,0.0,0.0,0.0,0.0,1445.41,"Dallas/Fort Worth, TX: Dallas/Fort Worth International",DFW
2025,1,1,91.0,16.0,10.32,0.04,2.74,0.0,2.91,3.0,0.0,555.0,9.0,71.0,0.0,355.0,990.0,0.0329670329670329,990.0,1093.505,"Buffalo, NY: Buffalo Niagara International",
2025,1,1,226.0,44.0,16.07,1.0,9.76,0.0,17.16,6.0,0.0,1565.0,19.0,540.0,0.0,2061.0,4185.0,0.0265486725663716,4185.0,3669.38,"Sarasota/Bradenton, FL: Sarasota/Bradenton International",
2025,1,0,85.0,11.0,3.61,0.0,1.3,0.0,6.09,1.0,0.0,230.0,0.0,28.0,0.0,329.0,587.0,0.0117647058823529,587.0,691.27,"Bangor, ME: Bangor International",
2025,1,7,554.0,112.0,23.12,11.11,42.13,0.05,35.59,1.0,1.0,2273.0,1261.0,2235.0,3.0,3694.0,9466.0,0.0018050541516245,9466.0,8420.24,"Phoenix, AZ: Phoenix - Mesa Gateway",
2025,1,13,139.0,31.0,18.53,1.27,6.78,0.0,4.41,1.0,0.0,1939.0,167.0,293.0,0.0,280.0,2679.0,0.0071942446043165,2679.0,2254.35,"Duluth, MN: Duluth International",
2025,1,13,88.0,22.0,11.63,3.83,5.23,0.31,1.0,4.0,0.0,526.0,268.0,348.0,22.0,34.0,1198.0,0.0454545454545454,1198.0,1562.87,"Birmingham, AL: Birmingham-Shuttlesworth International",
2025,1,10,12.0,2.0,0.92,0.0,0.0,0.0,1.08,0.0,0.0,177.0,0.0,0.0,0.0,203.0,380.0,0.0,380.0,289.155,"Wichita Falls, TX: Sheppard AFB/Wichita Falls Municipal",
2025,1,8,35.0,6.0,1.18,0.0,0.04,1.0,3.78,0.0,0.0,98.0,0.0,3.0,21.0,350.0,472.0,0.0,472.0,577.43,"Portland, ME: Portland International Jetport",
2025,1,6,904.0,268.0,45.45,2.31,98.42,0.0,121.82,70.0,0.0,4721.0,223.0,4261.0,0.0,12896.0,22101.0,0.077433628318584,22101.0,19124.59,"Atlanta, GA: Hartsfield-Jackson Atlanta International",ATL
2025,1,10,81.0,19.0,3.82,1.0,10.58,0.0,3.6,0.0,0.0,144.0,120.0,333.0,0.0,208.0,805.0,0.0,805.0,908.705,"Cleveland, OH: Cleveland-Hopkins International",
2025,1,5,1135.0,311.0,106.45,17.73,131.78,0.0,55.04,22.0,1.0,7469.0,2339.0,5327.0,0.0,3457.0,18592.0,0.0193832599118942,18592.0,22007.25,"Fort Lauderdale, FL: Fort Lauderdale-Hollywood International",
2025,1,18,59.0,7.0,3.14,0.0,1.68,0.0,2.18,6.0,0.0,163.0,0.0,80.0,0.0,230.0,473.0,0.1016949152542373,473.0,468.965,"Little Rock, AR: Bill and Hillary Clinton Nat Adams Field",
2025,1,13,1.0,0.0,0.0,0.0,0.0,0.0,0.0,0.0,0.0,0.0,0.0,0.0,0.0,0.0,0.0,0.0,0.0,41.675,"New Orleans, LA: Louis Armstrong New Orleans International",MSY
2025,1,1,283.0,49.0,25.87,1.0,5.18,0.1,16.85,12.0,0.0,1244.0,19.0,234.0,2.0,1091.0,2590.0,0.0424028268551236,2590.0,2928.365,"Richmond, VA: Richmond International",
2025,1,14,93.0,7.0,1.15,1.0,1.0,0.0,3.85,3.0,0.0,45.0,26.0,23.0,0.0,308.0,402.0,0.032258064516129,402.0,489.265,"Greenville, NC: Pitt Greenville",
2025,1,19,130.0,23.0,7.44,0.16,8.66,0.0,6.75,4.0,0.0,285.0,24.0,383.0,0.0,540.0,1232.0,0.0307692307692307,1232.0,1262.025,"Omaha, NE: Eppley Airfield",
2025,1,6,1572.0,352.0,81.81,14.61,109.55,0.0,146.03,25.0,0.0,7818.0,2814.0,5230.0,0.0,15563.0,31425.0,0.0159033078880407,31425.0,26913.31,"Orlando, FL: Orlando International",MCO
2025,1,12,92.0,14.0,3.11,0.65,4.36,0.0,5.87,2.0,0.0,166.0,92.0,254.0,0.0,263.0,775.0,0.0217391304347826,775.0,886.295,"South Bend, IN: South Bend International",
2025,1,11,465.0,76.0,28.23,0.53,24.12,1.14,21.98,35.0,0.0,1377.0,54.0,1074.0,23.0,1169.0,3697.0,0.075268817204301,3697.0,5014.73,"Baltimore, MD: Baltimore/Washington International Thurgood Marshall",BWI
2025,1,1,93.0,21.0,10.15,1.01,2.42,0.0,7.43,5.0,0.0,662.0,431.0,106.0,0.0,1262.0,2461.0,0.053763440860215,2461.0,2213.745,"Colorado Springs, CO: City of Colorado Springs Municipal",
2025,1,2,88.0,10.0,5.76,0.0,2.3,0.0,1.93,7.0,0.0,521.0,0.0,43.0,0.0,29.0,593.0,0.0795454545454545,593.0,705.95,"New Orleans, LA: Louis Armstrong New Orleans International",MSY
2025,1,11,731.0,154.0,45.34,2.97,74.25,1.02,30.42,37.0,1.0,3237.0,160.0,3207.0,30.0,2643.0,9277.0,0.0506155950752394,9277.0,9175.46,"Houston, TX: George Bush Intercontinental/Houston",IAH
2025,1,10,87.0,9.0,3.0,1.95,2.53,0.0,1.52,2.0,0.0,55.0,137.0,185.0,0.0,65.0,442.0,0.0229885057471264,442.0,605.725,"Tulsa, OK: Tulsa International",TUL
2025,1,0,4.0,1.0,1.0,0.0,0.0,0.0,0.0,0.0,0.0,230.0,0.0,0.0,0.0,0.0,230.0,0.0,230.0,839.055,"Fort Lauderdale, FL: Fort Lauderdale-Hollywood International",
2025,1,10,30.0,3.0,0.13,0.18,1.98,0.0,0.72,2.0,0.0,4.0,5.0,55.0,0.0,22.0,86.0,0.0666666666666666,86.0,184.165,"Norfolk, VA: Norfolk International",
2025,1,8,52.0,15.0,8.32,0.39,4.01,0.0,2.28,2.0,0.0,614.0,13.0,162.0,0.0,222.0,1011.0,0.0384615384615384,1011.0,993.91,"Detroit, MI: Detroit Metro Wayne County",DTW
2025,1,16,83.0,13.0,5.66,0.0,6.61,0.0,0.74,0.0,1.0,381.0,0.0,384.0,0.0,14.0,779.0,0.0,779.0,838.23,"Charlotte Amalie, VI: Cyril E King",
2025,1,13,275.0,36.0,15.96,7.04,4.08,0.0,8.92,1.0,6.0,990.0,850.0,250.0,0.0,343.0,2433.0,0.0036363636363636,2433.0,2795.705,"Bend/Redmond, OR: Roberts Field",
2025,1,7,17.0,2.0,1.13,0.0,0.87,0.0,0.0,0.0,0.0,26.0,0.0,13.0,0.0,0.0,39.0,0.0,39.0,250.46,"Boston, MA: Logan International",BOS
2025,1,2,191.0,19.0,6.6,1.04,7.83,0.0,3.53,2.0,0.0,274.0,88.0,322.0,0.0,195.0,879.0,0.0104712041884816,879.0,1052.655,"Kona, HI: Ellison Onizuka Kona International at Keahole",
2025,1,16,62.0,9.0,4.31,0.36,2.63,0.0,1.69,5.0,0.0,499.0,8.0,176.0,0.0,98.0,781.0,0.0806451612903225,781.0,693.315,"Pensacola, FL: Pensacola International",
2025,1,0,82.0,12.0,0.68,1.0,7.22,0.0,3.1,8.0,0.0,119.0,95.0,298.0,0.0,158.0,670.0,0.0975609756097561,670.0,869.25,"Savannah, GA: Savannah/Hilton Head International",SAV
2025,1,16,422.0,91.0,17.65,0.77,50.65,0.0,21.94,5.0,1.0,1331.0,60.0,2329.0,0.0,1951.0,5671.0,0.0118483412322274,5671.0,5273.725,"West Palm Beach/Palm Beach, FL: Palm Beach International",
2025,1,1,214.0,62.0,27.97,2.05,6.52,0.0,25.47,11.0,0.0,1462.0,149.0,324.0,0.0,1324.0,3259.0,0.0514018691588785,3259.0,3455.155,"Omaha, NE: Eppley Airfield",
2025,1,11,41.0,6.0,1.19,0.0,2.97,0.0,1.84,1.0,0.0,26.0,0.0,189.0,0.0,56.0,271.0,0.024390243902439,271.0,508.835,"Phoenix, AZ: Phoenix Sky Harbor International",PHX
2025,1,11,44.0,3.0,1.21,0.0,0.14,0.0,1.64,0.0,0.0,66.0,0.0,8.0,0.0,74.0,148.0,0.0,148.0,196.17,"Salt Lake City, UT: Salt Lake City International",SLC
2025,1,13,54.0,11.0,3.15,0.0,3.56,0.0,4.29,1.0,1.0,88.0,0.0,250.0,0.0,506.0,844.0,0.0185185185185185,844.0,926.34,"Mason City, IA: Mason City Municipal",
2025,1,20,145.0,28.0,6.73,4.1,9.97,0.0,7.21,1.0,1.0,394.0,417.0,470.0,0.0,1417.0,2698.0,0.0068965517241379,2698.0,2330.205,"Milwaukee, WI: General Mitchell International",
2025,1,16,307.0,70.0,27.18,3.5,23.38,0.0,15.94,3.0,3.0,1648.0,236.0,947.0,0.0,1493.0,4324.0,0.009771986970684,4324.0,4828.875,"San Juan, PR: Luis Munoz Marin International",
2025,1,14,361.0,100.0,16.71,4.21,46.91,0.0,32.17,10.0,3.0,2608.0,390.0,2032.0,0.0,4225.0,9255.0,0.0277008310249307,9255.0,7737.135,"Chicago, IL: Chicago O'Hare International",ORD
2025,1,10,124.0,16.0,1.92,3.6,4.22,0.0,6.27,10.0,0.0,99.0,780.0,299.0,0.0,465.0,1643.0,0.0806451612903225,1643.0,1586.05,"Harlingen/San Benito, TX: Valley International",
2025,1,13,53.0,16.0,5.14,0.0,3.94,0.0,6.92,1.0,0.0,359.0,0.0,178.0,0.0,316.0,853.0,0.0188679245283018,853.0,924.235,"Kearney, NE: Kearney Regional",
2025,1,5,4717.0,685.0,233.75,28.96,184.25,0.9,237.14,50.0,4.0,22664.0,3736.0,6910.0,63.0,19650.0,53023.0,0.0105999576001696,53023.0,48299.135,"Minneapolis, MN: Minneapolis-St Paul International",MSP
2025,1,7,47.0,1.0,0.95,0.0,0.05,0.0,0.0,0.0,0.0,35.0,0.0,2.0,0.0,0.0,37.0,0.0,37.0,156.99,"Bangor, ME: Bangor International",
2025,1,17,279.0,9.0,5.8,0.0,2.23,0.0,0.97,4.0,2.0,374.0,0.0,75.0,0.0,33.0,482.0,0.014336917562724,482.0,804.63,"Kona, HI: Ellison Onizuka Kona International at Keahole",
2025,1,11,25.0,9.0,3.9,0.0,4.2,0.0,0.89,2.0,0.0,336.0,0.0,118.0,0.0,57.0,511.0,0.08,511.0,510.81,"Louisville, KY: Louisville Muhammad Ali International",
2025,1,6,222.0,59.0,15.21,0.6,21.03,0.0,22.16,8.0,0.0,963.0,9.0,887.0,0.0,1925.0,3784.0,0.036036036036036,3784.0,3786.995,"Charlotte, NC: Charlotte Douglas International",CLT
2025,1,14,116.0,22.0,3.13,1.97,3.78,0.0,13.12,10.0,0.0,364.0,299.0,117.0,0.0,1948.0,2728.0,0.0862068965517241,2728.0,2186.435,"Augusta, GA: Augusta Regional at Bush Field",
2025,1,20,1852.0,449.0,100.39,25.08,188.74,0.1,134.69,31.0,5.0,10793.0,2931.0,9406.0,43.0,19327.0,42500.0,0.0167386609071274,42500.0,39481.96,"Chicago, IL: Chicago O'Hare International",ORD
2025,1,19,2.0,1.0,0.0,0.0,1.0,0.0,0.0,0.0,0.0,0.0,0.0,27.0,0.0,0.0,27.0,0.0,27.0,45.985,"San Antonio, TX: San Antonio International",
2025,1,10,16.0,1.0,1.0,0.0,0.0,0.0,0.0,0.0,0.0,28.0,0.0,0.0,0.0,0.0,28.0,0.0,28.0,43.285,"San Luis Obispo, CA: San Luis County Regional",
2025,1,0,446.0,90.0,17.35,0.81,25.39,0.0,46.45,17.0,0.0,1207.0,86.0,1126.0,0.0,3349.0,5768.0,0.0381165919282511,5768.0,5422.225,"Raleigh/Durham, NC: Raleigh-Durham International",
2025,1,13,253.0,64.0,26.77,9.78,13.7,0.0,13.75,4.0,0.0,1860.0,904.0,915.0,0.0,1042.0,4721.0,0.0158102766798418,4721.0,4764.715,"Durango, CO: Durango La Plata County",
2025,1,1,1952.0,319.0,106.9,12.84,79.31,1.37,118.58,130.0,11.0,8137.0,2588.0,2663.0,69.0,11101.0,24558.0,0.0665983606557377,24558.0,26607.835,"Washington, DC: Ronald Reagan Washington National",DCA
2025,1,12,36.0,9.0,1.4,0.01,2.28,0.0,5.31,3.0,0.0,239.0,1.0,148.0,0.0,619.0,1007.0,0.0833333333333333,1007.0,887.68,"Oklahoma City, OK: Will Rogers World",
2025,1,12,73.0,18.0,5.33,0.38,3.21,0.0,9.07,7.0,0.0,887.0,32.0,182.0,0.0,758.0,1859.0,0.0958904109589041,1859.0,1698.095,"Rochester, NY: Frederick Douglass Grtr Rochester International",
2025,1,0,4.0,1.0,1.0,0.0,0.0,0.0,0.0,0.0,0.0,51.0,0.0,0.0,0.0,0.0,51.0,0.0,51.0,54.085,"South Bend, IN: South Bend International",
2025,1,13,406.0,103.0,41.75,21.13,24.09,0.0,16.03,5.0,0.0,2900.0,2356.0,1647.0,0.0,808.0,7711.0,0.0123152709359605,7711.0,8939.72,"Las Vegas, NV: Harry Reid International",LAS
2025,1,16,690.0,99.0,31.77,2.62,27.38,0.0,37.23,7.0,0.0,1999.0,221.0,1083.0,0.0,2516.0,5819.0,0.0101449275362318,5819.0,5859.465,"Cleveland, OH: Cleveland-Hopkins International",
2025,1,13,9.0,2.0,0.0,1.0,0.0,0.0,1.0,1.0,0.0,0.0,23.0,0.0,0.0,662.0,685.0,0.1111111111111111,685.0,552.98,"Corpus Christi, TX: Corpus Christi International",
2025,1,10,119.0,16.0,4.04,1.52,4.6,0.0,5.84,12.0,0.0,170.0,337.0,431.0,0.0,333.0,1271.0,0.1008403361344537,1271.0,1238.155,"Houston, TX: William P Hobby",HOU
2025,1,17,161.0,25.0,7.91,1.08,7.93,0.0,8.09,14.0,0.0,433.0,102.0,363.0,0.0,326.0,1224.0,0.0869565217391304,1224.0,1563.28,"Savannah, GA: Savannah/Hilton Head International",SAV
2025,1,1,25.0,3.0,0.2,0.0,0.0,0.0,2.8,3.0,0.0,4.0,0.0,0.0,0.0,72.0,76.0,0.12,76.0,260.035,"Myrtle Beach, SC: Myrtle Beach International",
2025,1,12,30.0,10.0,3.19,0.0,2.06,0.0,4.75,0.0,0.0,118.0,0.0,101.0,0.0,390.0,609.0,0.0,609.0,574.465,"Omaha, NE: Eppley Airfield",
2025,1,20,93.0,24.0,6.04,3.19,11.36,0.0,3.41,1.0,0.0,421.0,273.0,636.0,0.0,185.0,1515.0,0.010752688172043,1515.0,1525.135,"Appleton, WI: Appleton International",
2025,1,16,2600.0,439.0,148.18,13.29,170.85,0.0,106.68,55.0,3.0,8129.0,1202.0,7473.0,0.0,9862.0,26666.0,0.0211538461538461,26666.0,28844.305,"Washington, DC: Washington Dulles International",IAD
2025,1,7,20.0,4.0,0.74,0.67,0.74,0.0,1.86,2.0,0.0,77.0,93.0,24.0,0.0,113.0,307.0,0.1,307.0,478.415,"Ashland, WV: Tri-State/Milton J. Ferguson Field",
2025,1,11,148.0,26.0,7.15,0.0,10.96,0.0,7.88,2.0,0.0,273.0,0.0,415.0,0.0,1110.0,1798.0,0.0135135135135135,1798.0,1794.93,"Pittsburgh, PA: Pittsburgh International",
2025,1,7,15.0,2.0,1.0,0.0,1.0,0.0,0.0,0.0,0.0,20.0,0.0,48.0,0.0,0.0,68.0,0.0,68.0,134.915,"Palm Springs, CA: Palm Springs International",
2025,1,3,135.0,22.0,8.75,1.2,4.53,0.0,7.51,5.0,0.0,523.0,61.0,280.0,0.0,578.0,1442.0,0.037037037037037,1442.0,1484.995,"Richmond, VA: Richmond International",
2025,1,10,37.0,3.0,0.66,0.0,0.7,0.0,1.65,0.0,0.0,15.0,0.0,11.0,0.0,54.0,80.0,0.0,80.0,188.255,"Tucson, AZ: Tucson International",
2025,1,17,325.0,55.0,16.71,1.95,15.4,0.0,20.95,12.0,0.0,642.0,246.0,692.0,0.0,1084.0,2664.0,0.0369230769230769,2664.0,3004.055,"Jacksonville, FL: Jacksonville International",JAX
2025,1,14,2978.0,430.0,91.23,16.88,139.28,0.84,181.77,115.0,4.0,9996.0,2759.0,5250.0,27.0,15363.0,33395.0,0.0386165211551376,33395.0,36416.52,"Charlotte, NC: Charlotte Douglas International",CLT
2025,1,12,105.0,29.0,9.55,1.12,4.75,0.0,13.58,5.0,1.0,405.0,60.0,268.0,0.0,1204.0,1937.0,0.0476190476190476,1937.0,1898.105,"Madison, WI: Dane County Regional-Truax Field",
2025,1,7,102.0,15.0,5.25,1.17,4.22,0.0,4.36,0.0,0.0,435.0,291.0,179.0,0.0,193.0,1098.0,0.0,1098.0,1134.185,"Cedar Rapids/Iowa City, IA: The Eastern Iowa",
2025,1,1,498.0,105.0,35.43,1.59,39.53,0.0,28.45,14.0,0.0,2130.0,112.0,1543.0,0.0,1955.0,5740.0,0.0281124497991967,5740.0,5977.475,"Fort Myers, FL: Southwest Florida International",
2025,1,14,11.0,5.0,1.0,0.08,0.79,0.0,3.12,0.0,0.0,33.0,27.0,79.0,0.0,724.0,863.0,0.0,863.0,635.135,"Bloomington/Normal, IL: Central Il Regional Airport at Bloomington",
2025,1,2,658.0,76.0,20.88,0.73,29.25,0.0,25.14,5.0,0.0,1913.0,37.0,929.0,0.0,1483.0,4362.0,0.0075987841945288,4362.0,4638.96,"Los Angeles, CA: Los Angeles International",LAX
2025,1,0,79.0,10.0,3.8,0.77,2.92,0.0,2.51,10.0,0.0,213.0,92.0,158.0,0.0,228.0,691.0,0.1265822784810126,691.0,788.91,"Baton Rouge, LA: Baton Rouge Metropolitan/Ryan Field",
2025,1,19,24.0,4.0,0.0,0.0,2.61,0.0,1.39,0.0,0.0,0.0,0.0,81.0,0.0,72.0,153.0,0.0,153.0,194.375,"Roanoke, VA: Roanoke Blacksburg Regional",
2025,1,1,37.0,7.0,4.3,0.0,1.0,0.0,1.7,1.0,0.0,306.0,0.0,27.0,0.0,55.0,388.0,0.027027027027027,388.0,424.675,"Montrose/Delta, CO: Montrose Regional",
2025,1,14,127.0,28.0,1.44,0.54,7.45,0.0,18.57,1.0,0.0,207.0,80.0,484.0,0.0,2154.0,2925.0,0.0078740157480314,2925.0,2376.055,"Rochester, NY: Frederick Douglass Grtr Rochester International",
2025,1,10,7.0,0.0,0.0,0.0,0.0,0.0,0.0,1.0,0.0,0.0,0.0,0.0,0.0,0.0,0.0,0.1428571428571428,0.0,20.44,"Sarasota/Bradenton, FL: Sarasota/Bradenton International",
2025,1,1,416.0,64.0,26.16,3.61,13.0,0.0,21.23,39.0,3.0,1180.0,600.0,600.0,0.0,1450.0,3830.0,0.09375,3830.0,4630.055,"Kansas City, MO: Kansas City International",MCI
2025,1,10,78.0,13.0,2.26,0.87,5.33,0.0,4.53,1.0,0.0,150.0,68.0,245.0,0.0,294.0,757.0,0.0128205128205128,757.0,834.18,"El Paso, TX: El Paso International",ELP
2025,1,3,2.0,1.0,0.83,0.0,0.17,0.0,0.0,0.0,0.0,19.0,0.0,4.0,0.0,0.0,23.0,0.0,23.0,82.375,"Hayden, CO: Yampa Valley",
2025,1,18,52.0,15.0,5.74,0.0,9.03,0.0,0.23,1.0,0.0,349.0,0.0,301.0,0.0,14.0,664.0,0.0192307692307692,664.0,773.135,"Key West, FL: Key West International",
2025,1,1,85.0,14.0,6.37,0.0,1.87,0.0,5.76,7.0,0.0,476.0,0.0,97.0,0.0,581.0,1154.0,0.0823529411764705,1154.0,1224.765,"Knoxville, TN: McGhee Tyson",
2025,1,5,58.0,18.0,9.13,0.92,5.15,0.0,2.8,3.0,0.0,384.0,35.0,180.0,0.0,160.0,759.0,0.0517241379310344,759.0,931.965,"El Paso, TX: El Paso International",ELP
2025,1,8,58.0,15.0,3.15,0.0,3.66,0.0,8.19,3.0,0.0,307.0,0.0,217.0,0.0,1382.0,1906.0,0.0517241379310344,1906.0,1591.66,"Greer, SC: Greenville-Spartanburg International",GSP
2025,1,19,124.0,27.0,6.33,2.5,14.57,0.0,3.59,0.0,0.0,355.0,225.0,507.0,0.0,157.0,1244.0,0.0,1244.0,1547.545,"Miami, FL: Miami International",MIA
2025,1,0,160.0,42.0,16.1,0.64,9.17,0.0,16.09,1.0,1.0,1089.0,28.0,394.0,0.0,1289.0,2800.0,0.00625,2800.0,2729.625,"Grand Rapids, MI: Gerald R. Ford International",GRR
2025,1,10,56.0,14.0,2.0,1.96,9.36,0.0,0.68,0.0,1.0,99.0,675.0,319.0,0.0,199.0,1292.0,0.0,1292.0,1130.08,"Buffalo, NY: Buffalo Niagara International",
2025,1,13,93.0,11.0,4.56,2.8,1.62,0.0,2.03,16.0,0.0,498.0,241.0,112.0,0.0,78.0,929.0,0.1720430107526881,929.0,1167.895,"Lake Charles, LA: Lake Charles Regional",
2025,1,12,129.0,34.0,9.52,1.99,12.42,0.0,10.06,9.0,1.0,820.0,379.0,492.0,0.0,782.0,2473.0,0.0697674418604651,2473.0,2369.105,"Memphis, TN: Memphis International",
2025,1,18,13.0,2.0,0.1,0.0,1.0,0.0,0.9,0.0,0.0,6.0,0.0,56.0,0.0,57.0,119.0,0.0,119.0,222.12,"Colorado Springs, CO: City of Colorado Springs Municipal",
2025,1,1,209.0,28.0,9.82,0.0,9.27,0.0,8.91,2.0,2.0,703.0,0.0,378.0,0.0,581.0,1662.0,0.0095693779904306,1662.0,1741.565,"Charlotte Amalie, VI: Cyril E King",
2025,1,6,117.0,20.0,4.42,1.24,4.21,0.0,10.12,2.0,0.0,297.0,40.0,122.0,0.0,753.0,1212.0,0.017094017094017,1212.0,1336.235,"Seattle, WA: Seattle/Tacoma International",SEA
2025,1,2,24.0,2.0,0.24,0.0,1.0,0.0,0.76,1.0,0.0,4.0,0.0,112.0,0.0,13.0,129.0,0.0416666666666666,129.0,193.175,"Charleston, SC: Charleston AFB/International",
2025,1,13,493.0,95.0,54.67,12.05,17.2,0.0,11.08,11.0,0.0,4518.0,467.0,863.0,0.0,893.0,6741.0,0.0223123732251521,6741.0,6622.735,"Austin, TX: Austin - Bergstrom International",
2025,1,10,42.0,11.0,1.63,0.7,6.25,0.0,2.42,1.0,0.0,81.0,37.0,270.0,0.0,92.0,480.0,0.0238095238095238,480.0,591.305,"Austin, TX: Austin - Bergstrom International",
2025,1,6,83.0,12.0,1.66,1.57,2.77,0.0,6.0,0.0,0.0,84.0,142.0,109.0,0.0,348.0,683.0,0.0,683.0,825.345,"San Jose, CA: Norman Y. Mineta San Jose International",
2025,1,5,180.0,21.0,5.99,4.72,4.45,0.0,5.84,10.0,0.0,251.0,480.0,321.0,0.0,496.0,1548.0,0.0555555555555555,1548.0,1673.29,"Huntsville, AL: Huntsville International-Carl T Jones Field",
2025,1,19,165.0,22.0,7.03,0.8,8.57,0.0,5.6,3.0,0.0,376.0,65.0,329.0,0.0,216.0,986.0,0.0181818181818181,986.0,1164.3,"Minneapolis, MN: Minneapolis-St Paul International",MSP
2025,1,18,31.0,1.0,0.0,0.0,1.0,0.0,0.0,2.0,0.0,0.0,0.0,35.0,0.0,0.0,35.0,0.064516129032258,35.0,110.17,"Grand Rapids, MI: Gerald R. Ford International",GRR
2025,1,15,30.0,4.0,1.0,0.0,1.0,0.0,2.0,2.0,0.0,30.0,0.0,48.0,0.0,98.0,176.0,0.0666666666666666,176.0,209.19,"Dillingham, AK: Dillingham Airport",
2025,1,2,131.0,11.0,6.64,0.0,1.77,0.0,2.58,0.0,0.0,585.0,0.0,53.0,0.0,80.0,718.0,0.0,718.0,1043.285,"Newark, NJ: Newark Liberty International",
2025,1,0,54.0,12.0,7.84,0.0,0.47,0.0,3.69,3.0,0.0,605.0,0.0,36.0,0.0,289.0,930.0,0.0555555555555555,930.0,873.865,"Dayton, OH: James M Cox/Dayton International",
2025,1,7,63.0,14.0,5.41,2.0,0.96,0.0,5.64,0.0,0.0,364.0,375.0,67.0,0.0,506.0,1312.0,0.0,1312.0,1226.415,"Columbus, OH: Rickenbacker International",
2025,1,1,68.0,3.0,0.69,0.0,1.0,0.0,1.31,0.0,0.0,20.0,0.0,16.0,0.0,26.0,62.0,0.0,62.0,230.61,"Kona, HI: Ellison Onizuka Kona International at Keahole",
2025,1,14,75.0,20.0,4.66,0.39,9.79,0.0,5.16,0.0,0.0,265.0,31.0,427.0,0.0,364.0,1087.0,0.0,1087.0,1149.06,"Buffalo, NY: Buffalo Niagara International",
2025,1,13,38.0,7.0,2.0,1.59,2.26,0.0,1.15,3.0,0.0,173.0,171.0,251.0,0.0,26.0,621.0,0.0789473684210526,621.0,635.825,"Houston, TX: William P Hobby",HOU
2025,1,8,33.0,11.0,1.41,0.0,5.34,0.0,4.25,0.0,0.0,62.0,0.0,198.0,0.0,423.0,683.0,0.0,683.0,672.88,"Harrisburg, PA: Harrisburg International",
2025,1,13,62.0,9.0,5.99,2.0,0.01,0.0,1.0,4.0,0.0,444.0,71.0,2.0,0.0,32.0,549.0,0.064516129032258,549.0,665.63,"Stillwater, OK: Stillwater Regional",
2025,1,9,65.0,18.0,15.24,0.0,0.16,0.0,2.6,2.0,0.0,714.0,0.0,7.0,0.0,141.0,862.0,0.0307692307692307,862.0,2302.98,"San Francisco, CA: San Francisco International",SFO
2025,1,10,163.0,32.0,9.66,1.13,11.65,0.86,8.7,9.0,0.0,282.0,55.0,396.0,44.0,653.0,1430.0,0.0552147239263803,1430.0,2048.225,"Cincinnati, OH: Cincinnati/Northern Kentucky International",
2025,1,11,21.0,6.0,1.52,0.0,1.16,1.62,1.7,1.0,0.0,149.0,0.0,26.0,43.0,137.0,355.0,0.0476190476190476,355.0,693.365,"Hartford, CT: Bradley International",
2025,1,5,185.0,28.0,16.54,1.5,7.33,0.0,2.64,1.0,0.0,1262.0,179.0,232.0,0.0,75.0,1748.0,0.0054054054054054,1748.0,1813.735,"Spokane, WA: Spokane International",
2025,1,14,193.0,43.0,14.52,2.5,14.44,0.0,11.55,8.0,2.0,710.0,180.0,614.0,0.0,728.0,2232.0,0.0414507772020725,2232.0,2467.225,"Roanoke, VA: Roanoke Blacksburg Regional",
2025,1,14,301.0,65.0,15.42,4.05,16.72,0.0,28.81,5.0,1.0,923.0,413.0,1038.0,0.0,4220.0,6594.0,0.0166112956810631,6594.0,5263.705,"Harrisburg, PA: Harrisburg International",
2025,1,7,9.0,1.0,0.0,1.0,0.0,0.0,0.0,1.0,0.0,0.0,25.0,0.0,0.0,0.0,25.0,0.1111111111111111,25.0,239.005,"New Orleans, LA: Louis Armstrong New Orleans International",MSY
2025,1,12,22.0,8.0,2.53,0.05,2.8,0.0,2.62,3.0,0.0,188.0,2.0,141.0,0.0,406.0,737.0,0.1363636363636363,737.0,618.195,"Lansing, MI: Capital Region International",
2025,1,12,92.0,25.0,7.69,0.95,4.55,0.0,11.82,13.0,0.0,330.0,30.0,140.0,0.0,751.0,1251.0,0.1413043478260869,1251.0,1447.305,"Baton Rouge, LA: Baton Rouge Metropolitan/Ryan Field",
2025,1,1,393.0,59.0,18.54,4.38,12.25,1.42,22.41,11.0,1.0,1252.0,453.0,512.0,87.0,1378.0,3682.0,0.0279898218829516,3682.0,4455.01,"Minneapolis, MN: Minneapolis-St Paul International",MSP
2025,1,6,47.0,4.0,2.0,0.0,1.0,0.0,1.0,0.0,0.0,76.0,0.0,77.0,0.0,238.0,391.0,0.0,391.0,385.475,"Burbank, CA: Bob Hope",
2025,1,0,260.0,55.0,18.26,0.03,15.5,0.0,21.21,5.0,0.0,1368.0,4.0,1310.0,0.0,2060.0,4742.0,0.0192307692307692,4742.0,4283.75,"Indianapolis, IN: Indianapolis International",
2025,1,3,6.0,5.0,2.66,0.0,1.82,0.0,0.53,0.0,0.0,91.0,0.0,45.0,0.0,19.0,155.0,0.0,155.0,230.4,"Reno, NV: Reno/Tahoe International",
2025,1,11,291.0,50.0,16.3,0.0,18.05,0.48,15.16,13.0,0.0,1246.0,0.0,1702.0,15.0,803.0,3766.0,0.0446735395189003,3766.0,3934.915,"Philadelphia, PA: Philadelphia International",PHL
2025,1,15,134.0,31.0,15.88,3.63,8.14,0.0,3.35,3.0,1.0,761.0,447.0,248.0,0.0,338.0,1794.0,0.0223880597014925,1794.0,1901.56,"Bozeman, MT: Bozeman Yellowstone International",
2025,1,11,154.0,27.0,9.43,0.98,8.05,1.0,7.54,7.0,2.0,764.0,122.0,399.0,33.0,477.0,1795.0,0.0454545454545454,1795.0,2092.45,"Myrtle Beach, SC: Myrtle Beach International",
2025,1,10,52.0,11.0,1.38,0.81,4.09,0.0,4.72,3.0,0.0,119.0,62.0,215.0,0.0,305.0,701.0,0.0576923076923076,701.0,802.975,"Mission/McAllen/Edinburg, TX: McAllen International",
2025,1,17,1191.0,133.0,36.59,3.96,21.75,0.0,70.7,9.0,4.0,1717.0,599.0,1093.0,0.0,3716.0,7125.0,0.0075566750629722,7125.0,7577.23,"Long Beach, CA: Long Beach Airport",
2025,1,10,124.0,22.0,7.12,2.56,3.35,0.0,8.97,3.0,0.0,252.0,246.0,234.0,0.0,572.0,1304.0,0.0241935483870967,1304.0,1404.16,"Sioux Falls, SD: Joe Foss Field",
2025,1,1,92.0,13.0,4.47,0.42,1.23,0.0,6.88,2.0,0.0,308.0,47.0,187.0,0.0,486.0,1028.0,0.0217391304347826,1028.0,1084.92,"Rochester, NY: Frederick Douglass Grtr Rochester International",
2025,1,13,5988.0,1444.0,592.23,135.0,292.97,3.2,420.61,101.0,7.0,47567.0,16419.0,21893.0,77.0,42403.0,128359.0,0.0168670674682698,128359.0,101117.355,"Denver, CO: Denver International",DEN
2025,1,16,137.0,27.0,11.86,0.64,6.48,0.0,8.03,3.0,0.0,557.0,79.0,237.0,0.0,497.0,1370.0,0.0218978102189781,1370.0,1463.12,"Norfolk, VA: Norfolk International",
2025,1,0,1.0,1.0,0.0,0.0,1.0,0.0,0.0,0.0,0.0,0.0,0.0,31.0,0.0,0.0,31.0,0.0,31.0,54.86,"Lansing, MI: Capital Region International",
2025,1,20,2.0,0.0,0.0,0.0,0.0,0.0,0.0,1.0,0.0,0.0,0.0,0.0,0.0,0.0,0.0,0.5,0.0,18.13,"Columbia, MO: Columbia Regional",
2025,1,10,93.0,13.0,3.83,2.15,4.56,0.0,2.45,2.0,0.0,246.0,322.0,212.0,0.0,140.0,920.0,0.021505376344086,920.0,984.49,"Fort Wayne, IN: Fort Wayne International",FWA
2025,1,11,103.0,12.0,1.0,0.0,7.9,0.0,3.1,0.0,0.0,17.0,0.0,407.0,0.0,139.0,563.0,0.0,563.0,745.565,"Santa Ana, CA: John Wayne Airport-Orange County",
2025,1,13,124.0,31.0,13.75,11.05,2.91,0.0,3.29,3.0,0.0,501.0,1059.0,221.0,0.0,181.0,1962.0,0.0241935483870967,1962.0,2181.955,"Provo, UT: Provo Municipal",
2025,1,7,9.0,1.0,0.0,0.0,1.0,0.0,0.0,0.0,0.0,0.0,0.0,25.0,0.0,0.0,25.0,0.0,25.0,86.61,"Shreveport, LA: Shreveport Regional",
2025,1,7,654.0,132.0,28.94,10.04,52.65,0.0,40.37,4.0,0.0,2171.0,2514.0,1916.0,0.0,2810.0,9411.0,0.0061162079510703,9411.0,9335.845,"St. Petersburg, FL: St Pete Clearwater International",
2025,1,6,94.0,21.0,4.16,1.0,4.76,0.0,11.08,1.0,1.0,183.0,58.0,278.0,0.0,809.0,1328.0,0.0106382978723404,1328.0,1425.225,"Santa Ana, CA: John Wayne Airport-Orange County",
2025,1,13,83.0,25.0,21.21,1.93,1.86,0.0,0.0,0.0,1.0,3232.0,253.0,106.0,0.0,0.0,3591.0,0.0,3591.0,2395.58,"Lansing, MI: Capital Region International",
2025,1,10,54.0,21.0,1.88,0.84,10.35,0.0,7.92,2.0,1.0,52.0,72.0,368.0,0.0,673.0,1165.0,0.037037037037037,1165.0,1236.425,"Traverse City, MI: Cherry Capital",
2025,1,13,54.0,3.0,2.83,0.0,0.17,0.0,0.0,4.0,0.0,149.0,0.0,6.0,0.0,0.0,155.0,0.074074074074074,155.0,223.505,"Meridian, MS: Key Field",
2025,1,17,278.0,53.0,23.23,1.49,3.0,0.0,25.27,6.0,0.0,1235.0,70.0,123.0,0.0,1149.0,2577.0,0.0215827338129496,2577.0,2799.78,"Memphis, TN: Memphis International",
2025,1,7,93.0,19.0,6.49,1.07,4.71,0.0,6.73,0.0,0.0,592.0,25.0,161.0,0.0,504.0,1282.0,0.0,1282.0,1182.545,"South Bend, IN: South Bend International",
2025,1,13,562.0,63.0,26.86,12.48,6.89,0.0,16.77,2.0,0.0,1213.0,1265.0,274.0,0.0,930.0,3682.0,0.0035587188612099,3682.0,4098.895,"San Jose, CA: Norman Y. Mineta San Jose International",
2025,1,5,175.0,20.0,6.89,0.59,6.1,0.0,6.41,18.0,3.0,243.0,69.0,328.0,0.0,270.0,910.0,0.1028571428571428,910.0,1328.81,"Valparaiso, FL: Eglin AFB Destin Fort Walton Beach",
2025,1,10,88.0,20.0,4.95,0.72,8.11,0.0,6.22,0.0,0.0,240.0,41.0,464.0,0.0,533.0,1278.0,0.0,1278.0,1324.38,"Detroit, MI: Detroit Metro Wayne County",DTW
2025,1,7,21.0,8.0,1.25,0.85,4.16,0.0,1.74,1.0,0.0,97.0,90.0,288.0,0.0,129.0,604.0,0.0476190476190476,604.0,560.75,"Roanoke, VA: Roanoke Blacksburg Regional",
2025,1,10,39.0,5.0,1.01,0.02,1.77,0.0,2.21,2.0,0.0,57.0,1.0,99.0,0.0,135.0,292.0,0.0512820512820512,292.0,319.26,"Jackson/Vicksburg, MS: Jackson Medgar Wiley Evers International",
2025,1,9,68.0,13.0,10.0,1.0,0.0,0.0,2.0,1.0,0.0,523.0,265.0,0.0,0.0,101.0,889.0,0.0147058823529411,889.0,881.95,"Seattle, WA: Seattle/Tacoma International",SEA
2025,1,13,149.0,33.0,17.27,1.0,5.04,0.0,9.69,2.0,5.0,922.0,320.0,289.0,0.0,533.0,2064.0,0.0134228187919463,2064.0,2227.305,"Helena, MT: Helena Regional",
2025,1,0,104.0,25.0,10.31,0.11,7.71,0.0,6.87,3.0,0.0,524.0,13.0,313.0,0.0,671.0,1521.0,0.0288461538461538,1521.0,1578.195,"Columbia, SC: Columbia Metropolitan",
2025,1,17,3799.0,550.0,170.8,10.58,154.62,1.86,212.14,244.0,4.0,8903.0,1150.0,6498.0,42.0,10446.0,27039.0,0.0642274282705975,27039.0,32091.0,"Houston, TX: William P Hobby",HOU
2025,1,15,5.0,1.0,0.0,0.0,0.0,0.0,1.0,0.0,0.0,0.0,0.0,0.0,0.0,100.0,100.0,0.0,100.0,87.595,"Ontario, CA: Ontario International",
2025,1,16,8.0,3.0,0.55,0.16,0.25,0.0,2.04,0.0,0.0,12.0,10.0,16.0,0.0,83.0,121.0,0.0,121.0,193.41,"Knoxville, TN: McGhee Tyson",
2025,1,18,55.0,6.0,3.41,0.0,1.1,0.0,1.49,3.0,0.0,149.0,0.0,54.0,0.0,127.0,330.0,0.0545454545454545,330.0,359.8,"Fayetteville, AR: Northwest Arkansas National",XNA
2025,1,0,8.0,3.0,0.31,0.0,2.1,0.0,0.59,0.0,0.0,8.0,0.0,61.0,0.0,35.0,104.0,0.0,104.0,155.365,"Providence, RI: Rhode Island Tf Green International",
2025,1,6,21.0,3.0,0.28,0.0,0.0,0.0,2.72,0.0,0.0,61.0,0.0,0.0,0.0,460.0,521.0,0.0,521.0,398.11,"Portland, ME: Portland International Jetport",
2025,1,20,43.0,11.0,1.13,0.3,5.41,0.0,4.16,2.0,0.0,36.0,100.0,286.0,0.0,607.0,1029.0,0.0465116279069767,1029.0,964.29,"Philadelphia, PA: Philadelphia International",PHL
2025,1,1,211.0,37.0,10.89,3.99,9.52,0.0,12.6,10.0,1.0,660.0,318.0,417.0,0.0,776.0,2171.0,0.0473933649289099,2171.0,2470.43,"Louisville, KY: Louisville Muhammad Ali International",
2025,1,1,2857.0,433.0,149.62,11.98,77.21,0.59,193.6,43.0,10.0,10804.0,668.0,3233.0,32.0,19478.0,34215.0,0.0150507525376268,34215.0,30834.355,"Philadelphia, PA: Philadelphia International",PHL
2025,1,7,36.0,7.0,2.77,0.0,2.46,0.0,1.77,0.0,0.0,101.0,0.0,86.0,0.0,76.0,263.0,0.0,263.0,334.205,"Minot, ND: Minot International",MOT
2025,1,5,104.0,17.0,6.61,3.71,2.55,0.0,4.13,6.0,1.0,359.0,484.0,226.0,0.0,144.0,1213.0,0.0576923076923076,1213.0,1341.67,"Melbourne, FL: Melbourne Orlando International",
2025,1,13,61.0,17.0,13.14,1.99,1.86,0.0,0.0,1.0,0.0,822.0,336.0,59.0,0.0,0.0,1217.0,0.0163934426229508,1217.0,1350.5,"Iron Mountain/Kingsfd, MI: Ford",
2025,1,19,31.0,6.0,2.35,0.0,2.79,0.0,0.87,1.0,0.0,88.0,0.0,91.0,0.0,37.0,216.0,0.032258064516129,216.0,310.26,"Bangor, ME: Bangor International",
2025,1,7,798.0,237.0,64.83,16.48,51.05,0.78,103.85,12.0,3.0,7868.0,1851.0,2724.0,76.0,7143.0,19662.0,0.0150375939849624,19662.0,17842.56,"Sanford, FL: Orlando Sanford International",
2025,1,19,127.0,11.0,2.53,0.0,6.51,0.0,1.96,16.0,0.0,97.0,0.0,216.0,0.0,69.0,382.0,0.1259842519685039,382.0,664.64,"Kansas City, MO: Kansas City International",MCI
2025,1,6,55.0,13.0,3.6,0.81,4.44,0.0,4.14,0.0,0.0,147.0,49.0,158.0,0.0,302.0,656.0,0.0,656.0,717.105,"San Antonio, TX: San Antonio International",
2025,1,4,61.0,8.0,5.71,1.58,0.29,0.0,0.42,5.0,2.0,1075.0,90.0,5.0,0.0,27.0,1197.0,0.081967213114754,1197.0,1165.445,"Lake Charles, LA: Lake Charles Regional",
2025,1,16,68.0,14.0,6.24,1.97,0.61,0.0,5.18,3.0,0.0,467.0,87.0,61.0,0.0,307.0,922.0,0.0441176470588235,922.0,1017.19,"Richmond, VA: Richmond International",
2025,1,12,166.0,35.0,4.18,2.38,7.64,1.0,19.81,10.0,1.0,307.0,166.0,316.0,25.0,1542.0,2356.0,0.0602409638554216,2356.0,2277.33,"Burlington, VT: Burlington International",BTV
2025,1,7,66.0,13.0,4.76,0.84,5.7,0.0,1.71,4.0,0.0,586.0,351.0,271.0,0.0,110.0,1318.0,0.0606060606060606,1318.0,1209.265,"Belleville, IL: Scott AFB MidAmerica St Louis",
2025,1,7,575.0,151.0,27.17,16.06,54.59,1.0,52.18,5.0,0.0,4556.0,5465.0,3328.0,15.0,6685.0,20049.0,0.008695652173913,20049.0,14263.885,"Las Vegas, NV: Harry Reid International",LAS
2025,1,16,155.0,17.0,6.67,1.0,4.84,0.0,4.5,6.0,0.0,257.0,70.0,193.0,0.0,271.0,791.0,0.0387096774193548,791.0,1021.395,"Indianapolis, IN: Indianapolis International",
2025,1,6,93.0,23.0,6.55,0.0,10.35,0.0,6.1,4.0,1.0,421.0,0.0,402.0,0.0,276.0,1099.0,0.043010752688172,1099.0,1361.13,"Washington, DC: Ronald Reagan Washington National",DCA
2025,1,13,146.0,46.0,23.71,3.48,7.85,0.0,10.96,1.0,0.0,1459.0,130.0,515.0,0.0,1344.0,3448.0,0.0068493150684931,3448.0,3282.15,"Huntsville, AL: Huntsville International-Carl T Jones Field",
2025,1,2,30.0,0.0,0.0,0.0,0.0,0.0,0.0,4.0,1.0,0.0,0.0,0.0,0.0,0.0,0.0,0.1333333333333333,0.0,96.16,"Kotzebue, AK: Ralph Wien Memorial",
2025,1,17,152.0,17.0,7.04,0.42,1.83,1.0,6.71,2.0,0.0,546.0,22.0,83.0,24.0,367.0,1042.0,0.0131578947368421,1042.0,1254.025,"Des Moines, IA: Des Moines International",
2025,1,16,479.0,80.0,27.92,1.88,24.31,0.0,25.89,3.0,1.0,1935.0,138.0,827.0,0.0,2034.0,4934.0,0.0062630480167014,4934.0,5045.945,"Portland, OR: Portland International",PDX
2025,1,15,1732.0,300.0,66.15,10.4,111.05,0.15,112.24,31.0,2.0,5257.0,1164.0,3758.0,14.0,6519.0,16712.0,0.0178983833718244,16712.0,17682.0,"Seattle, WA: Seattle/Tacoma International",SEA
2025,1,16,113.0,23.0,10.62,0.7,6.23,0.0,5.44,1.0,0.0,365.0,50.0,180.0,0.0,299.0,894.0,0.0088495575221238,894.0,1071.01,"Boise, ID: Boise Air Terminal",
2025,1,6,187.0,38.0,12.3,0.42,8.75,0.0,16.54,2.0,1.0,2136.0,15.0,296.0,0.0,1130.0,3577.0,0.0106951871657754,3577.0,3017.595,"Ontario, CA: Ontario International",
2025,1,16,171.0,26.0,8.08,3.24,9.92,0.0,4.76,3.0,3.0,624.0,163.0,296.0,0.0,264.0,1347.0,0.0175438596491228,1347.0,1521.705,"Burbank, CA: Bob Hope",
2025,1,7,42.0,6.0,1.84,1.01,1.49,0.0,1.66,0.0,0.0,83.0,953.0,78.0,0.0,83.0,1197.0,0.0,1197.0,901.595,"Moline, IL: Quad Cities International",
2025,1,11,24.0,10.0,4.15,0.0,4.75,0.2,0.9,0.0,0.0,293.0,0.0,298.0,8.0,47.0,646.0,0.0,646.0,653.73,"Cleveland, OH: Cleveland-Hopkins International",
2025,1,10,66.0,8.0,0.84,1.44,3.32,0.0,2.41,0.0,0.0,27.0,104.0,164.0,0.0,210.0,505.0,0.0,505.0,564.935,"Albuquerque, NM: Albuquerque International Sunport",
2025,1,6,76.0,19.0,6.51,0.79,6.21,0.0,5.48,5.0,1.0,716.0,36.0,395.0,0.0,387.0,1534.0,0.0657894736842105,1534.0,1526.585,"St. Louis, MO: St Louis Lambert International",
2025,1,5,473.0,82.0,37.09,5.1,19.87,0.0,19.94,1.0,0.0,2855.0,828.0,864.0,0.0,1118.0,5665.0,0.0021141649048625,5665.0,5444.035,"Portland, OR: Portland International",PDX
2025,1,19,75.0,12.0,1.91,1.06,6.15,0.0,2.88,8.0,0.0,105.0,109.0,316.0,0.0,140.0,670.0,0.1066666666666666,670.0,815.22,"New Orleans, LA: Louis Armstrong New Orleans International",MSY
2025,1,17,1850.0,334.0,99.44,3.7,109.13,2.04,119.69,45.0,0.0,5883.0,443.0,4084.0,37.0,6425.0,16872.0,0.0243243243243243,16872.0,19540.32,"Tampa, FL: Tampa International",TPA
2025,1,16,37.0,8.0,1.73,0.0,1.39,0.0,4.87,1.0,0.0,65.0,0.0,46.0,0.0,267.0,378.0,0.027027027027027,378.0,412.81,"Portland, ME: Portland International Jetport",
2025,1,19,84.0,15.0,5.07,0.0,8.05,0.0,1.89,2.0,0.0,202.0,0.0,253.0,0.0,68.0,523.0,0.0238095238095238,523.0,701.435,"Asheville, NC: Asheville Regional",
2025,1,11,83.0,4.0,1.72,0.0,2.28,0.0,0.0,0.0,0.0,56.0,0.0,135.0,0.0,0.0,191.0,0.0,191.0,298.68,"Sacramento, CA: Sacramento International",
2025,1,3,1585.0,406.0,111.26,5.53,176.5,0.0,112.71,27.0,1.0,7613.0,438.0,6755.0,0.0,10484.0,25290.0,0.0170347003154574,25290.0,25910.475,"Fort Lauderdale, FL: Fort Lauderdale-Hollywood International",
2025,1,16,75.0,21.0,6.24,0.36,6.08,0.0,8.32,0.0,0.0,339.0,34.0,246.0,0.0,620.0,1239.0,0.0,1239.0,1246.715,"Colorado Springs, CO: City of Colorado Springs Municipal",
2025,1,0,161.0,41.0,7.77,0.24,24.73,0.0,8.26,14.0,0.0,976.0,60.0,1070.0,0.0,373.0,2479.0,0.0869565217391304,2479.0,2521.395,"Washington, DC: Ronald Reagan Washington National",DCA
2025,1,17,190.0,19.0,4.27,0.7,1.5,0.0,12.53,9.0,2.0,153.0,140.0,101.0,0.0,480.0,874.0,0.0473684210526315,874.0,1286.785,"Harlingen/San Benito, TX: Valley International",
2025,1,2,359.0,36.0,12.21,0.13,8.62,0.0,15.03,2.0,5.0,657.0,10.0,373.0,0.0,523.0,1563.0,0.0055710306406685,1563.0,2128.95,"Santa Ana, CA: John Wayne Airport-Orange County",
2025,1,10,69.0,11.0,2.26,1.02,3.33,0.0,4.39,5.0,0.0,109.0,99.0,180.0,0.0,425.0,813.0,0.072463768115942,813.0,850.085,"Brownsville, TX: Brownsville South Padre Island International",BRO
2025,1,13,173.0,35.0,23.49,1.0,6.61,0.0,3.9,0.0,6.0,1110.0,122.0,187.0,0.0,260.0,1679.0,0.0,1679.0,1904.37,"Jackson, WY: Jackson Hole",
2025,1,13,65.0,23.0,13.95,4.38,3.15,0.0,1.52,0.0,0.0,632.0,367.0,178.0,0.0,59.0,1236.0,0.0,1236.0,1419.035,"Portland, ME: Portland International Jetport",
2025,1,2,193.0,16.0,2.68,0.85,9.73,0.0,2.73,4.0,1.0,172.0,233.0,624.0,0.0,213.0,1242.0,0.0207253886010362,1242.0,1392.215,"Kahului, HI: Kahului Airport",OGG
2025,1,16,56.0,13.0,5.77,0.0,2.83,0.0,4.4,0.0,0.0,208.0,0.0,88.0,0.0,367.0,663.0,0.0,663.0,730.165,"Sioux Falls, SD: Joe Foss Field",
2025,1,10,137.0,29.0,4.47,0.06,7.72,0.46,16.29,3.0,0.0,285.0,10.0,342.0,16.0,735.0,1388.0,0.0218978102189781,1388.0,1662.81,"Tampa, FL: Tampa International",TPA
2025,1,16,6.0,1.0,0.22,0.0,0.78,0.0,0.0,0.0,0.0,7.0,0.0,25.0,0.0,0.0,32.0,0.0,32.0,58.965,"Great Falls, MT: Great Falls International",
2025,1,18,70.0,13.0,5.51,0.0,5.21,0.0,2.28,1.0,0.0,374.0,0.0,216.0,0.0,217.0,807.0,0.0142857142857142,807.0,875.105,"Detroit, MI: Detroit Metro Wayne County",DTW
2025,1,7,20.0,3.0,2.0,0.0,1.0,0.0,0.0,0.0,0.0,51.0,0.0,21.0,0.0,0.0,72.0,0.0,72.0,157.63,"Bloomington/Normal, IL: Central Il Regional Airport at Bloomington",
2025,1,12,222.0,49.0,18.22,0.46,4.14,0.0,26.17,21.0,0.0,1156.0,48.0,258.0,0.0,2251.0,3713.0,0.0945945945945946,3713.0,3561.935,"White Plains, NY: Westchester County",
2025,1,16,5861.0,1006.0,316.83,26.5,449.04,0.0,213.64,305.0,20.0,21122.0,2587.0,22171.0,0.0,20708.0,66588.0,0.0520389012113973,66588.0,64692.08,"Houston, TX: George Bush Intercontinental/Houston",IAH
2025,1,8,6.0,0.0,0.0,0.0,0.0,0.0,0.0,2.0,0.0,0.0,0.0,0.0,0.0,0.0,0.0,0.3333333333333333,0.0,44.465,"Kansas City, MO: Kansas City International",MCI
2025,1,15,59.0,12.0,2.75,1.0,3.32,0.0,4.93,1.0,0.0,185.0,21.0,93.0,0.0,191.0,490.0,0.0169491525423728,490.0,636.005,"Burbank, CA: Bob Hope",
2025,1,14,51.0,8.0,2.18,0.53,4.89,0.0,0.4,0.0,0.0,76.0,51.0,249.0,0.0,12.0,388.0,0.0,388.0,504.305,"Greer, SC: Greenville-Spartanburg International",GSP
2025,1,13,54.0,16.0,9.02,0.0,5.0,0.0,1.98,0.0,0.0,253.0,0.0,249.0,0.0,156.0,658.0,0.0,658.0,757.61,"Bishop, CA: Bishop Airport",
2025,1,1,6.0,3.0,1.81,0.0,1.02,0.0,0.16,0.0,0.0,34.0,0.0,60.0,0.0,11.0,105.0,0.0,105.0,163.01,"San Luis Obispo, CA: San Luis County Regional",
2025,1,3,158.0,47.0,17.94,0.76,21.18,0.0,7.11,7.0,0.0,953.0,56.0,795.0,0.0,500.0,2304.0,0.0443037974683544,2304.0,2432.52,"Atlanta, GA: Hartsfield-Jackson Atlanta International",ATL
2025,1,12,117.0,18.0,5.52,0.67,3.12,0.0,8.69,7.0,0.0,355.0,59.0,180.0,0.0,855.0,1449.0,0.0598290598290598,1449.0,1420.48,"Washington, DC: Washington Dulles International",IAD
2025,1,11,37.0,7.0,2.42,0.0,3.24,0.0,1.34,0.0,0.0,125.0,0.0,101.0,0.0,45.0,271.0,0.0,271.0,321.66,"Raleigh/Durham, NC: Raleigh-Durham International",
2025,1,10,34.0,9.0,4.18,0.0,2.69,0.0,2.13,3.0,0.0,324.0,0.0,82.0,0.0,109.0,515.0,0.088235294117647,515.0,481.59,"Charleston, SC: Charleston AFB/International",
2025,1,13,466.0,70.0,34.14,15.25,10.77,0.0,9.83,0.0,0.0,1745.0,1362.0,632.0,0.0,489.0,4228.0,0.0,4228.0,4614.125,"Spokane, WA: Spokane International",
2025,1,6,31.0,9.0,2.88,0.0,1.83,0.0,4.29,0.0,0.0,105.0,0.0,54.0,0.0,247.0,406.0,0.0,406.0,525.235,"Oklahoma City, OK: Will Rogers World",
2025,1,17,1070.0,198.0,59.26,3.58,74.39,1.93,58.84,29.0,1.0,3134.0,337.0,2802.0,185.0,2958.0,9416.0,0.0271028037383177,9416.0,11337.72,"Fort Lauderdale, FL: Fort Lauderdale-Hollywood International",
2025,1,4,51.0,16.0,5.36,0.2,3.61,0.0,6.83,4.0,0.0,311.0,72.0,106.0,0.0,1013.0,1502.0,0.0784313725490196,1502.0,1368.28,"Syracuse, NY: Syracuse Hancock International",
2025,1,10,144.0,23.0,8.45,2.52,8.78,0.0,3.24,5.0,1.0,281.0,411.0,355.0,0.0,191.0,1238.0,0.0347222222222222,1238.0,1454.005,"Oklahoma City, OK: Will Rogers World",
2025,1,19,147.0,41.0,7.8,3.06,12.75,0.0,17.38,6.0,0.0,543.0,97.0,456.0,0.0,908.0,2004.0,0.0408163265306122,2004.0,2190.57,"Memphis, TN: Memphis International",
2025,1,7,70.0,11.0,5.95,1.0,2.14,0.0,1.91,0.0,0.0,261.0,48.0,87.0,0.0,223.0,619.0,0.0,619.0,657.37,"Rockford, IL: Chicago/Rockford International",
2025,1,13,328.0,81.0,40.2,5.05,19.03,0.0,16.72,0.0,0.0,2259.0,2002.0,925.0,0.0,1228.0,6414.0,0.0,6414.0,5822.565,"Tulsa, OK: Tulsa International",TUL
2025,1,13,370.0,101.0,38.86,14.43,20.35,0.0,27.36,5.0,0.0,3237.0,967.0,1594.0,0.0,2419.0,8217.0,0.0135135135135135,8217.0,7282.285,"Milwaukee, WI: General Mitchell International",
2025,1,16,139.0,26.0,10.93,1.0,4.79,0.0,9.29,4.0,0.0,462.0,16.0,193.0,0.0,582.0,1253.0,0.0287769784172661,1253.0,1382.005,"Tucson, AZ: Tucson International",
2025,1,14,136.0,46.0,7.65,5.13,11.72,0.0,21.49,0.0,1.0,791.0,511.0,721.0,0.0,4911.0,6934.0,0.0,6934.0,4558.62,"Albany, NY: Albany International",ALB
2025,1,6,248.0,53.0,7.02,1.11,21.14,0.0,23.73,9.0,1.0,489.0,58.0,776.0,0.0,1643.0,2966.0,0.0362903225806451,2966.0,3309.215,"Raleigh/Durham, NC: Raleigh-Durham International",
2025,1,5,2386.0,432.0,147.85,14.46,135.54,0.0,134.15,27.0,7.0,18324.0,3672.0,5970.0,0.0,11221.0,39187.0,0.0113160100586756,39187.0,33176.845,"New York, NY: John F. Kennedy International",JFK
2025,1,15,36.0,2.0,0.0,0.0,1.0,0.0,1.0,0.0,0.0,0.0,0.0,19.0,0.0,43.0,62.0,0.0,62.0,126.355,"Santa Barbara, CA: Santa Barbara Municipal",
2025,1,0,195.0,35.0,8.8,0.31,11.37,0.0,14.52,2.0,0.0,673.0,36.0,412.0,0.0,1216.0,2337.0,0.0102564102564102,2337.0,2221.15,"Richmond, VA: Richmond International",
2025,1,13,93.0,14.0,9.63,1.11,1.91,1.0,0.35,9.0,0.0,618.0,32.0,66.0,87.0,7.0,810.0,0.0967741935483871,810.0,1304.07,"Alexandria, LA: Alexandria International",
2025,1,16,281.0,55.0,17.26,1.42,21.91,0.0,14.41,2.0,1.0,1035.0,210.0,984.0,0.0,931.0,3160.0,0.0071174377224199,3160.0,3289.58,"Sacramento, CA: Sacramento International",
2025,1,3,31.0,5.0,0.49,0.0,1.0,0.0,3.51,0.0,0.0,35.0,0.0,141.0,0.0,264.0,440.0,0.0,440.0,430.37,"Christiansted, VI: Henry E. Rohlsen",
2025,1,1,62.0,15.0,4.91,0.51,1.39,0.0,8.18,1.0,0.0,683.0,18.0,35.0,0.0,694.0,1430.0,0.0161290322580645,1430.0,1503.95,"Scranton/Wilkes-Barre, PA: Wilkes Barre Scranton International",
2025,1,15,175.0,30.0,5.63,4.97,5.82,0.0,13.59,7.0,1.0,153.0,453.0,177.0,0.0,798.0,1581.0,0.04,1581.0,1987.2,"Medford, OR: Rogue Valley International - Medford",
2025,1,16,217.0,45.0,10.15,0.0,24.3,0.0,10.56,2.0,2.0,578.0,0.0,848.0,0.0,481.0,1907.0,0.0092165898617511,1907.0,2604.885,"Charlotte, NC: Charlotte Douglas International",CLT
2025,1,16,31.0,5.0,1.23,0.0,1.43,0.0,2.34,3.0,0.0,35.0,0.0,41.0,0.0,61.0,137.0,0.0967741935483871,137.0,250.515,"Savannah, GA: Savannah/Hilton Head International",SAV
2025,1,19,121.0,15.0,5.49,1.03,6.59,0.0,1.89,5.0,1.0,277.0,35.0,263.0,0.0,119.0,694.0,0.0413223140495867,694.0,861.625,"Providence, RI: Rhode Island Tf Green International",
2025,1,3,20.0,10.0,3.38,0.0,6.47,0.0,0.15,1.0,0.0,240.0,0.0,300.0,0.0,6.0,546.0,0.05,546.0,710.51,"Dallas/Fort Worth, TX: Dallas/Fort Worth International",DFW
2025,1,19,6.0,1.0,0.07,0.0,0.93,0.0,0.0,1.0,0.0,5.0,0.0,68.0,0.0,0.0,73.0,0.1666666666666666,73.0,119.135,"Valparaiso, FL: Eglin AFB Destin Fort Walton Beach",
2025,1,17,97.0,16.0,10.35,0.79,2.79,0.0,2.07,1.0,0.0,497.0,155.0,254.0,0.0,194.0,1100.0,0.0103092783505154,1100.0,1106.205,"Portland, ME: Portland International Jetport",
2025,1,13,127.0,41.0,16.12,3.54,7.5,0.0,13.83,2.0,0.0,766.0,931.0,497.0,0.0,1113.0,3307.0,0.0157480314960629,3307.0,2952.17,"Lubbock, TX: Lubbock Preston Smith International",
2025,1,1,485.0,90.0,44.71,0.43,16.79,0.0,28.07,28.0,0.0,2487.0,36.0,828.0,0.0,2665.0,6016.0,0.0577319587628866,6016.0,6106.01,"Atlanta, GA: Hartsfield-Jackson Atlanta International",ATL
2025,1,10,25.0,7.0,1.76,0.37,3.6,0.0,1.27,1.0,0.0,65.0,29.0,113.0,0.0,35.0,242.0,0.04,242.0,342.08,"Missoula, MT: Missoula Montana",
2025,1,2,146.0,38.0,11.64,0.0,11.19,0.58,14.6,0.0,0.0,754.0,0.0,329.0,11.0,630.0,1724.0,0.0,1724.0,2373.805,"Chicago, IL: Chicago O'Hare International",ORD
2025,1,10,111.0,15.0,5.05,1.15,6.7,0.0,2.1,4.0,0.0,271.0,25.0,283.0,0.0,109.0,688.0,0.036036036036036,688.0,824.285,"Jacksonville, FL: Jacksonville International",JAX
2025,1,1,419.0,70.0,32.26,5.7,11.01,0.0,21.03,40.0,1.0,2883.0,926.0,477.0,0.0,2828.0,7114.0,0.0954653937947494,7114.0,6208.765,"St. Louis, MO: St Louis Lambert International",
2025,1,14,47.0,8.0,0.04,0.43,3.1,0.0,4.43,0.0,0.0,2.0,94.0,255.0,0.0,408.0,759.0,0.0,759.0,739.885,"Norfolk, VA: Norfolk International",
2025,1,7,209.0,52.0,9.46,1.03,10.16,1.08,30.26,5.0,1.0,651.0,225.0,473.0,53.0,2401.0,3803.0,0.0239234449760765,3803.0,3581.84,"Asheville, NC: Asheville Regional",
2025,1,3,48.0,11.0,4.82,0.56,3.88,0.0,1.75,2.0,1.0,290.0,15.0,144.0,0.0,171.0,620.0,0.0416666666666666,620.0,748.84,"Nashville, TN: Nashville International",
2025,1,17,520.0,85.0,35.02,0.86,17.46,0.34,31.31,0.0,1.0,1731.0,32.0,734.0,12.0,1842.0,4351.0,0.0,4351.0,4321.8,"Seattle, WA: Seattle/Tacoma International",SEA
2025,1,6,627.0,188.0,38.25,5.09,61.58,0.0,83.08,46.0,2.0,3999.0,554.0,3352.0,0.0,7024.0,14929.0,0.0733652312599681,14929.0,14100.35,"Dallas/Fort Worth, TX: Dallas/Fort Worth International",DFW
2025,1,5,757.0,170.0,49.13,8.11,70.58,0.0,42.18,37.0,6.0,3176.0,1158.0,3148.0,0.0,2604.0,10086.0,0.0488771466314399,10086.0,10146.585,"Washington, DC: Ronald Reagan Washington National",DCA
2025,1,5,91.0,12.0,6.89,0.81,0.74,0.0,3.56,4.0,0.0,442.0,78.0,125.0,0.0,171.0,816.0,0.0439560439560439,816.0,909.155,"Des Moines, IA: Des Moines International",
2025,1,4,98.0,10.0,5.84,0.0,1.29,0.0,2.87,7.0,0.0,311.0,0.0,132.0,0.0,182.0,625.0,0.0714285714285714,625.0,745.85,"Lafayette, LA: Lafayette Regional Paul Fournet Field",
2025,1,13,2285.0,588.0,343.77,159.71,74.57,0.52,9.43,23.0,2.0,39622.0,12132.0,4089.0,67.0,2032.0,57942.0,0.0100656455142231,57942.0,48134.435,"Detroit, MI: Detroit Metro Wayne County",DTW
2025,1,7,9.0,1.0,0.35,0.0,0.65,0.0,0.0,0.0,0.0,15.0,0.0,28.0,0.0,0.0,43.0,0.0,43.0,216.22,"San Diego, CA: San Diego International",SAN
2025,1,14,161.0,25.0,5.33,2.1,5.93,0.0,11.63,3.0,0.0,283.0,81.0,245.0,0.0,786.0,1395.0,0.0186335403726708,1395.0,1404.01,"Bristol/Johnson City/Kingsport, TN: Tri Cities",
2025,1,10,29.0,0.0,0.0,0.0,0.0,0.0,0.0,0.0,0.0,0.0,0.0,0.0,0.0,0.0,0.0,0.0,0.0,34.085,"Monterey, CA: Monterey Regional",
2025,1,7,10.0,1.0,0.0,0.0,0.03,0.0,0.97,0.0,0.0,0.0,0.0,2.0,0.0,62.0,64.0,0.0,64.0,123.82,"Oakland, CA: Metro Oakland International",
2025,1,17,743.0,117.0,26.92,2.18,28.47,2.06,57.36,12.0,0.0,1330.0,326.0,1016.0,61.0,3296.0,6029.0,0.0161507402422611,6029.0,6422.54,"Pittsburgh, PA: Pittsburgh International",
2025,1,18,153.0,18.0,10.2,0.02,4.34,0.0,3.44,11.0,0.0,531.0,3.0,174.0,0.0,267.0,975.0,0.0718954248366013,975.0,1099.235,"Midland/Odessa, TX: Midland International Air and Space Port",
2025,1,2,23.0,2.0,0.0,0.0,2.0,0.0,0.0,0.0,0.0,0.0,0.0,93.0,0.0,0.0,93.0,0.0,93.0,133.42,"Columbus, OH: John Glenn Columbus International",
2025,1,11,171.0,33.0,11.31,0.72,8.88,0.0,12.08,5.0,0.0,890.0,63.0,274.0,0.0,546.0,1773.0,0.0292397660818713,1773.0,1897.4,"Indianapolis, IN: Indianapolis International",
2025,1,6,27.0,5.0,2.07,0.32,0.23,0.0,2.38,0.0,0.0,79.0,79.0,24.0,0.0,212.0,394.0,0.0,394.0,384.67,"Indianapolis, IN: Indianapolis International",
2025,1,13,247.0,83.0,45.88,6.03,11.25,1.0,18.84,3.0,1.0,3094.0,307.0,912.0,60.0,1745.0,6118.0,0.0121457489878542,6118.0,6031.305,"Fargo, ND: Hector International",
2025,1,20,7.0,2.0,0.0,0.0,1.09,0.0,0.91,0.0,0.0,0.0,0.0,47.0,0.0,196.0,243.0,0.0,243.0,224.26,"Cedar Rapids/Iowa City, IA: The Eastern Iowa",
2025,1,17,414.0,66.0,22.43,0.0,17.12,0.0,26.45,0.0,1.0,774.0,0.0,550.0,0.0,1076.0,2400.0,0.0,2400.0,2739.59,"Boise, ID: Boise Air Terminal",
2025,1,18,17.0,0.0,0.0,0.0,0.0,0.0,0.0,2.0,2.0,0.0,0.0,0.0,0.0,0.0,0.0,0.1176470588235294,0.0,123.365,"Hayden, CO: Yampa Valley",
2025,1,0,79.0,14.0,6.65,1.73,1.7,0.0,3.92,7.0,0.0,529.0,255.0,98.0,0.0,401.0,1283.0,0.0886075949367088,1283.0,1283.415,"Tallahassee, FL: Tallahassee International",
2025,1,13,24.0,7.0,5.0,1.0,0.0,0.0,1.0,0.0,0.0,230.0,52.0,0.0,0.0,249.0,531.0,0.0,531.0,525.015,"Asheville, NC: Asheville Regional",
2025,1,2,33.0,6.0,3.13,0.0,1.33,0.0,1.54,0.0,0.0,174.0,0.0,27.0,0.0,78.0,279.0,0.0,279.0,320.86,"Bozeman, MT: Bozeman Yellowstone International",
2025,1,13,256.0,74.0,38.23,6.83,10.95,0.0,17.99,8.0,0.0,2384.0,397.0,603.0,0.0,1670.0,5054.0,0.03125,5054.0,4887.8,"Midland/Odessa, TX: Midland International Air and Space Port",
2025,1,3,336.0,49.0,17.57,1.0,22.11,0.0,8.32,0.0,1.0,1234.0,18.0,731.0,0.0,893.0,2876.0,0.0,2876.0,3766.95,"San Francisco, CA: San Francisco International",SFO
2025,1,5,1369.0,248.0,88.61,13.63,90.88,1.0,53.88,10.0,1.0,5872.0,2159.0,4407.0,42.0,3378.0,15858.0,0.0073046018991964,15858.0,16916.75,"Las Vegas, NV: Harry Reid International",LAS
2025,1,20,2.0,1.0,0.0,0.07,0.21,0.0,0.72,0.0,0.0,0.0,12.0,35.0,0.0,122.0,169.0,0.0,169.0,185.535,"Grand Rapids, MI: Gerald R. Ford International",GRR
2025,1,18,1.0,0.0,0.0,0.0,0.0,0.0,0.0,0.0,0.0,0.0,0.0,0.0,0.0,0.0,0.0,0.0,0.0,8.09,"Shreveport, LA: Shreveport Regional",
2025,1,5,61.0,8.0,7.32,0.0,0.23,0.0,0.45,0.0,0.0,328.0,0.0,19.0,0.0,22.0,369.0,0.0,369.0,446.305,"Fargo, ND: Hector International",
2025,1,10,50.0,7.0,3.2,1.77,0.28,0.0,1.75,3.0,0.0,137.0,96.0,11.0,0.0,51.0,295.0,0.06,295.0,474.225,"Columbia, SC: Columbia Metropolitan",
2025,1,13,62.0,12.0,9.54,2.0,0.46,0.0,0.0,3.0,0.0,943.0,193.0,84.0,0.0,0.0,1220.0,0.0483870967741935,1220.0,1208.61,"Grand Island, NE: Central Nebraska Regional",
2025,1,12,12.0,5.0,1.13,0.08,1.0,0.0,2.79,0.0,0.0,42.0,16.0,70.0,0.0,564.0,692.0,0.0,692.0,508.605,"Mobile, AL: Mobile Regional",
2025,1,5,357.0,95.0,24.86,6.27,53.85,0.0,10.02,8.0,3.0,1439.0,685.0,2137.0,0.0,607.0,4868.0,0.0224089635854341,4868.0,6015.825,"San Juan, PR: Luis Munoz Marin International",
2025,1,5,504.0,120.0,44.81,7.62,21.29,0.0,46.28,14.0,0.0,2658.0,1118.0,1176.0,0.0,3763.0,8715.0,0.0277777777777777,8715.0,8002.47,"Cincinnati, OH: Cincinnati/Northern Kentucky International",
2025,1,13,61.0,14.0,6.05,0.0,1.73,0.0,6.22,3.0,0.0,1064.0,0.0,158.0,0.0,855.0,2077.0,0.0491803278688524,2077.0,1705.75,"Joplin, MO: Joplin Regional",
